S.No,URL,Title,Meta Description,Schema Type 1,Schema Type 2,Schema Type 3,Schema Type 4,Keywords (Primary)
1,https://xamops.com/,Cloud FinOps & DevOps Automation Platform | Xamops,"Automate cloud operations, reduce infrastructure costs, and optimize performance with Xamops — the cloud automation platform for FinOps, DevOps, and SRE teams.",WebPage + WebSite,SoftwareApplication,Organization,—,"cloud automation platform, FinOps platform, DevOps automation platform, cloud cost optimization, cloud management platform, SRE automation platform"
2,https://xamops.com/platform,Cloud Automation Platform for FinOps| DevOps & SRE | Xamops,"Explore the Xamops cloud automation platform — purpose-built modules for FinOps, DevOps, SRE, SecOps, DBOps, and cloud cost analytics across AWS, Azure, and GCP.",WebPage,SoftwareApplication,Organization,—,"cloud automation platform, cloud management platform, cloud operations automation, multicloud management platform, cloud infrastructure automation"
3,https://xamops.com/platform/spot-automation,Spot Automation for Cloud Cost Optimization & Savings | Xamops,"Reduce cloud compute costs by up to 70% with Xamops Spot Automation. Intelligent spot instance management, automated failover, and workload reliability across AWS, Azure, and GCP.",WebPage,TechArticle,FAQPage,Organization,"spot automation, spot instance management, cloud cost optimization, FinOps automation, compute savings, aws cost optimization"
4,https://xamops.com/platform/disk-rightsizing,Disk Rightsizing for Cloud Cost & Storage Optimization | Xamops,"Identify and eliminate oversized cloud storage volumes with Xamops Disk Rightsizing. Automated recommendations to cut storage waste, lower FinOps spend, and optimize cloud costs.",WebPage,SoftwareApplication,FAQPage,Organization,"disk rightsizing, cloud storage optimization, cloud cost savings, FinOps, storage cost management, aws storage optimization"
5,https://xamops.com/platform/dbops,Database Operations Automation & DBOps Platform | Xamops,"Automate database operations, reduce DBA toil, and optimize cloud database performance with Xamops DBOps. Supports AWS RDS, Aurora, GCP Cloud SQL, and Azure SQL.",WebPage,SoftwareApplication,FAQPage,Organization,"DBOps platform, database operations automation, cloud database management, aws rds optimization, azure sql automation"
6,https://xamops.com/platform/secops,SecOps Automation Platform for Cloud Security Management | Xamops,"Automate cloud security operations with Xamops SecOps. Continuous compliance monitoring, misconfiguration detection, and automated remediation across AWS, Azure, and GCP.",WebPage,SoftwareApplication,FAQPage,Organization,"SecOps automation, cloud security management, cloud compliance automation, cloud security platform, azure cloud security monitoring, gcp security monitoring"
7,https://xamops.com/platform/cost-analytics,Cloud Cost Analytics & FinOps Insights Platform | Xamops,"Get full cloud cost visibility with Xamops Cost Analytics. Real-time FinOps dashboards, cost anomaly detection, chargeback, and automated savings recommendations across AWS, Azure, and GCP.",WebPage,SoftwareApplication,FAQPage,Organization,"cloud cost analytics, FinOps insights, cloud cost management platform, aws cost analytics, FinOps dashboard, cloud cost optimization platform, aws finops"
8,https://xamops.com/platform/sre,Site Reliability Engineering (SRE) Automation Platform | Xamops,"Automate SRE workflows with Xamops. AI-driven incident detection, runbook automation, SLO management, and on-call optimization for reliable cloud infrastructure.",WebPage,SoftwareApplication,FAQPage,Organization,"SRE automation platform, site reliability engineering, SLO management, incident automation, runbook automation, cloud monitoring platform"
9,https://xamops.com/solutions,Cloud Solutions for DevOps| FinOps & SRE Teams | Xamops,"Explore Xamops cloud solutions tailored for DevOps, FinOps, and SRE teams. Reduce cloud costs, automate operations, and improve reliability at enterprise scale.",WebPage,Organization,—,—,"cloud solutions, DevOps solutions, FinOps solutions, SRE solutions, enterprise cloud management, multicloud management platform"
10,https://xamops.com/solutions/devops,DevOps Automation Solutions for Modern Cloud Teams | Xamops,"Accelerate software delivery with Xamops DevOps automation solutions. CI/CD pipeline automation, infrastructure-as-code, Kubernetes management, and cloud-native tooling for enterprise teams.",WebPage,SoftwareApplication,FAQPage,Organization,"DevOps automation solutions, devops automation platform, CI/CD automation, infrastructure automation, devops workflow automation, azure devops automation"
11,https://xamops.com/solutions/finops,FinOps Solutions for Cloud Cost Management & Optimization | Xamops,"Achieve guaranteed 30–40% cloud cost reduction with Xamops FinOps solutions. Real-time cost visibility, automated rightsizing, reserved instance optimization, and multicloud cost management.",WebPage,SoftwareApplication,FAQPage,Organization,"FinOps solutions, cloud cost management, cloud cost optimization, FinOps platform, aws finops, cloud cost management platform, gcp cost optimization, azure cloud cost optimization"
12,https://xamops.com/solutions/sre,SRE Solutions for Reliable Cloud Infrastructure | Xamops,"Build and maintain reliable cloud infrastructure with Xamops SRE solutions. Automated incident management, SLO tracking, chaos engineering, and proactive reliability improvements.",WebPage,SoftwareApplication,FAQPage,Organization,"SRE solutions, site reliability engineering, cloud reliability, incident management, SLO tracking, SRE automation platform"
13,https://xamops.com/blog,Cloud Automation| FinOps & DevOps Insights Blog | Xamops,"Expert insights on cloud automation, FinOps optimization, DevOps practices, SRE engineering, cloud cost management, and AI-powered cloud operations from the Xamops engineering team.",Blog (with BlogPostings),FAQPage,Organization,—,"cloud automation blog, FinOps insights, DevOps blog, SRE blog, cloud cost optimization, AI cloud operations"
14,https://xamops.com/pricing,XamOps Pricing — Cloud Automation & FinOps Platform Plans,"Explore XamOps pricing plans for cloud automation, FinOps, DevOps, and SRE teams. Flexible plans for startups to enterprise. Start with a free 30-day cloud audit.",WebPage,Organization,—,—,"XamOps pricing, cloud automation pricing, FinOps platform pricing, enterprise cloud management"
15,https://xamops.com/about,About XamOps — The AI-Powered Cloud Automation Company,"Learn about XamOps — the team building the AI-powered cloud automation platform that helps enterprises automate FinOps, DevOps, and SRE operations at scale.",WebPage,Organization,—,—,"about XamOps, cloud automation company, AI cloud platform, enterprise cloud management, FinOps company"
16,https://xamops.com/demo,Book a Demo — XamOps Cloud Automation & FinOps Platform,"See XamOps in action. Book a personalized demo of the cloud automation platform and discover how to reduce cloud costs 30–40% and eliminate operational toil.",WebPage,Organization,—,—,"XamOps demo, cloud automation demo, FinOps platform demo, book a demo"
17,https://xamops.com/contact,Contact XamOps — Cloud Automation & FinOps Platform,"Get in touch with the XamOps team. Questions about cloud automation, FinOps, DevOps, or SRE? We're here to help.",WebPage,Organization,—,—,"contact XamOps, cloud automation support, FinOps platform contact"
